class,image,split,frame_index,seconds
box_cokelat,raw/box_cokelat/box_cokelat__frame_000000000.jpg,test,0,0.0
box_cokelat,raw/box_cokelat/box_cokelat__frame_000000037.jpg,test,37,1.23
box_cokelat,raw/box_cokelat/box_cokelat__frame_000000075.jpg,test,75,2.5
box_cokelat,raw/box_cokelat/box_cokelat__frame_000000112.jpg,test,112,3.74
box_cokelat,raw/box_cokelat/box_cokelat__frame_000000150.jpg,test,150,5.01
box_cokelat,raw/box_cokelat/box_cokelat__frame_000000188.jpg,train,188,6.27
box_cokelat,raw/box_cokelat/box_cokelat__frame_000000225.jpg,train,225,7.51
box_cokelat,raw/box_cokelat/box_cokelat__frame_000000263.jpg,train,263,8.78
box_cokelat,raw/box_cokelat/box_cokelat__frame_000000301.jpg,train,301,10.05
box_cokelat,raw/box_cokelat/box_cokelat__frame_000000338.jpg,train,338,11.28
box_cokelat,raw/box_cokelat/box_cokelat__frame_000000376.jpg,val,376,12.55
box_cokelat,raw/box_cokelat/box_cokelat__frame_000000413.jpg,val,413,13.78
box_cokelat,raw/box_cokelat/box_cokelat__frame_000000451.jpg,val,451,15.05
box_cokelat,raw/box_cokelat/box_cokelat__frame_000000489.jpg,val,489,16.32
box_cokelat,raw/box_cokelat/box_cokelat__frame_000000526.jpg,val,526,17.55
box_cokelat,raw/box_cokelat/box_cokelat__frame_000000564.jpg,test,564,18.82
box_cokelat,raw/box_cokelat/box_cokelat__frame_000000602.jpg,test,602,20.09
box_cokelat,raw/box_cokelat/box_cokelat__frame_000000639.jpg,test,639,21.33
box_cokelat,raw/box_cokelat/box_cokelat__frame_000000677.jpg,test,677,22.59
box_cokelat,raw/box_cokelat/box_cokelat__frame_000000714.jpg,test,714,23.83
box_cokelat,raw/box_cokelat/box_cokelat__frame_000000752.jpg,train,752,25.1
box_cokelat,raw/box_cokelat/box_cokelat__frame_000000790.jpg,train,790,26.36
box_cokelat,raw/box_cokelat/box_cokelat__frame_000000827.jpg,train,827,27.6
box_cokelat,raw/box_cokelat/box_cokelat__frame_000000865.jpg,train,865,28.87
box_cokelat,raw/box_cokelat/box_cokelat__frame_000000903.jpg,train,903,30.14
box_cokelat,raw/box_cokelat/box_cokelat__frame_000000940.jpg,train,940,31.37
box_cokelat,raw/box_cokelat/box_cokelat__frame_000000978.jpg,train,978,32.64
box_cokelat,raw/box_cokelat/box_cokelat__frame_000001015.jpg,train,1015,33.87
box_cokelat,raw/box_cokelat/box_cokelat__frame_000001053.jpg,train,1053,35.14
box_cokelat,raw/box_cokelat/box_cokelat__frame_000001091.jpg,train,1091,36.41
box_cokelat,raw/box_cokelat/box_cokelat__frame_000001128.jpg,train,1128,37.64
box_cokelat,raw/box_cokelat/box_cokelat__frame_000001166.jpg,train,1166,38.91
box_cokelat,raw/box_cokelat/box_cokelat__frame_000001204.jpg,train,1204,40.18
box_cokelat,raw/box_cokelat/box_cokelat__frame_000001241.jpg,train,1241,41.42
box_cokelat,raw/box_cokelat/box_cokelat__frame_000001279.jpg,train,1279,42.68
box_cokelat,raw/box_cokelat/box_cokelat__frame_000001316.jpg,val,1316,43.92
box_cokelat,raw/box_cokelat/box_cokelat__frame_000001354.jpg,val,1354,45.19
box_cokelat,raw/box_cokelat/box_cokelat__frame_000001392.jpg,val,1392,46.46
box_cokelat,raw/box_cokelat/box_cokelat__frame_000001429.jpg,val,1429,47.69
box_cokelat,raw/box_cokelat/box_cokelat__frame_000001467.jpg,val,1467,48.96
box_cokelat,raw/box_cokelat/box_cokelat__frame_000001505.jpg,test,1505,50.23
box_cokelat,raw/box_cokelat/box_cokelat__frame_000001542.jpg,test,1542,51.46
box_cokelat,raw/box_cokelat/box_cokelat__frame_000001580.jpg,test,1580,52.73
box_cokelat,raw/box_cokelat/box_cokelat__frame_000001617.jpg,test,1617,53.96
box_cokelat,raw/box_cokelat/box_cokelat__frame_000001655.jpg,test,1655,55.23
box_cokelat,raw/box_cokelat/box_cokelat__frame_000001693.jpg,train,1693,56.5
box_cokelat,raw/box_cokelat/box_cokelat__frame_000001730.jpg,train,1730,57.74
box_cokelat,raw/box_cokelat/box_cokelat__frame_000001768.jpg,train,1768,59.0
box_cokelat,raw/box_cokelat/box_cokelat__frame_000001806.jpg,train,1806,60.27
box_cokelat,raw/box_cokelat/box_cokelat__frame_000001843.jpg,train,1843,61.51
box_cokelat,raw/box_cokelat/box_cokelat__frame_000001881.jpg,train,1881,62.78
box_cokelat,raw/box_cokelat/box_cokelat__frame_000001918.jpg,train,1918,64.01
box_cokelat,raw/box_cokelat/box_cokelat__frame_000001956.jpg,train,1956,65.28
box_cokelat,raw/box_cokelat/box_cokelat__frame_000001994.jpg,train,1994,66.55
box_cokelat,raw/box_cokelat/box_cokelat__frame_000002031.jpg,train,2031,67.78
box_cokelat,raw/box_cokelat/box_cokelat__frame_000002069.jpg,train,2069,69.05
box_cokelat,raw/box_cokelat/box_cokelat__frame_000002107.jpg,train,2107,70.32
box_cokelat,raw/box_cokelat/box_cokelat__frame_000002144.jpg,train,2144,71.55
box_cokelat,raw/box_cokelat/box_cokelat__frame_000002182.jpg,train,2182,72.82
box_cokelat,raw/box_cokelat/box_cokelat__frame_000002219.jpg,train,2219,74.06
box_cokelat,raw/box_cokelat/box_cokelat__frame_000002257.jpg,train,2257,75.32
box_cokelat,raw/box_cokelat/box_cokelat__frame_000002295.jpg,train,2295,76.59
box_cokelat,raw/box_cokelat/box_cokelat__frame_000002332.jpg,train,2332,77.83
box_cokelat,raw/box_cokelat/box_cokelat__frame_000002370.jpg,train,2370,79.09
box_cokelat,raw/box_cokelat/box_cokelat__frame_000002408.jpg,train,2408,80.36
box_cokelat,raw/box_cokelat/box_cokelat__frame_000002445.jpg,train,2445,81.6
box_cokelat,raw/box_cokelat/box_cokelat__frame_000002483.jpg,train,2483,82.87
box_cokelat,raw/box_cokelat/box_cokelat__frame_000002520.jpg,train,2520,84.1
box_cokelat,raw/box_cokelat/box_cokelat__frame_000002558.jpg,train,2558,85.37
box_cokelat,raw/box_cokelat/box_cokelat__frame_000002596.jpg,train,2596,86.64
box_cokelat,raw/box_cokelat/box_cokelat__frame_000002633.jpg,train,2633,87.87
box_cokelat,raw/box_cokelat/box_cokelat__frame_000002671.jpg,train,2671,89.14
box_cokelat,raw/box_cokelat/box_cokelat__frame_000002709.jpg,train,2709,90.41
box_cokelat,raw/box_cokelat/box_cokelat__frame_000002746.jpg,train,2746,91.64
box_cokelat,raw/box_cokelat/box_cokelat__frame_000002784.jpg,train,2784,92.91
box_cokelat,raw/box_cokelat/box_cokelat__frame_000002821.jpg,train,2821,94.15
box_cokelat,raw/box_cokelat/box_cokelat__frame_000002859.jpg,train,2859,95.41
box_cokelat,raw/box_cokelat/box_cokelat__frame_000002897.jpg,train,2897,96.68
box_cokelat,raw/box_cokelat/box_cokelat__frame_000002934.jpg,train,2934,97.92
box_cokelat,raw/box_cokelat/box_cokelat__frame_000002972.jpg,train,2972,99.19
box_cokelat,raw/box_cokelat/box_cokelat__frame_000003010.jpg,val,3010,100.45
box_cokelat,raw/box_cokelat/box_cokelat__frame_000003047.jpg,val,3047,101.69
box_cokelat,raw/box_cokelat/box_cokelat__frame_000003085.jpg,val,3085,102.96
box_cokelat,raw/box_cokelat/box_cokelat__frame_000003122.jpg,val,3122,104.19
box_cokelat,raw/box_cokelat/box_cokelat__frame_000003160.jpg,val,3160,105.46
box_cokelat,raw/box_cokelat/box_cokelat__frame_000003198.jpg,train,3198,106.73
box_cokelat,raw/box_cokelat/box_cokelat__frame_000003235.jpg,train,3235,107.96
box_cokelat,raw/box_cokelat/box_cokelat__frame_000003273.jpg,train,3273,109.23
box_cokelat,raw/box_cokelat/box_cokelat__frame_000003311.jpg,train,3311,110.5
box_cokelat,raw/box_cokelat/box_cokelat__frame_000003348.jpg,train,3348,111.73
box_cokelat,raw/box_cokelat/box_cokelat__frame_000003386.jpg,train,3386,113.0
box_cokelat,raw/box_cokelat/box_cokelat__frame_000003423.jpg,train,3423,114.24
box_cokelat,raw/box_cokelat/box_cokelat__frame_000003461.jpg,train,3461,115.5
box_cokelat,raw/box_cokelat/box_cokelat__frame_000003499.jpg,train,3499,116.77
box_cokelat,raw/box_cokelat/box_cokelat__frame_000003536.jpg,train,3536,118.01
box_cokelat,raw/box_cokelat/box_cokelat__frame_000003574.jpg,train,3574,119.28
box_cokelat,raw/box_cokelat/box_cokelat__frame_000003612.jpg,train,3612,120.54
box_cokelat,raw/box_cokelat/box_cokelat__frame_000003649.jpg,train,3649,121.78
box_cokelat,raw/box_cokelat/box_cokelat__frame_000003687.jpg,train,3687,123.05
box_cokelat,raw/box_cokelat/box_cokelat__frame_000003725.jpg,train,3725,124.32
box_merah,raw/box_merah/box_merah__frame_000000000.jpg,train,0,0.0
box_merah,raw/box_merah/box_merah__frame_000000055.jpg,train,55,1.84
box_merah,raw/box_merah/box_merah__frame_000000110.jpg,train,110,3.67
box_merah,raw/box_merah/box_merah__frame_000000166.jpg,train,166,5.54
box_merah,raw/box_merah/box_merah__frame_000000221.jpg,train,221,7.38
box_merah,raw/box_merah/box_merah__frame_000000277.jpg,train,277,9.24
box_merah,raw/box_merah/box_merah__frame_000000332.jpg,train,332,11.08
box_merah,raw/box_merah/box_merah__frame_000000388.jpg,train,388,12.95
box_merah,raw/box_merah/box_merah__frame_000000443.jpg,train,443,14.78
box_merah,raw/box_merah/box_merah__frame_000000499.jpg,train,499,16.65
box_merah,raw/box_merah/box_merah__frame_000000554.jpg,train,554,18.49
box_merah,raw/box_merah/box_merah__frame_000000610.jpg,train,610,20.36
box_merah,raw/box_merah/box_merah__frame_000000665.jpg,train,665,22.19
box_merah,raw/box_merah/box_merah__frame_000000721.jpg,train,721,24.06
box_merah,raw/box_merah/box_merah__frame_000000776.jpg,train,776,25.9
box_merah,raw/box_merah/box_merah__frame_000000831.jpg,train,831,27.73
box_merah,raw/box_merah/box_merah__frame_000000887.jpg,train,887,29.6
box_merah,raw/box_merah/box_merah__frame_000000942.jpg,train,942,31.44
box_merah,raw/box_merah/box_merah__frame_000000998.jpg,train,998,33.31
box_merah,raw/box_merah/box_merah__frame_000001053.jpg,train,1053,35.14
box_merah,raw/box_merah/box_merah__frame_000001109.jpg,train,1109,37.01
box_merah,raw/box_merah/box_merah__frame_000001164.jpg,train,1164,38.85
box_merah,raw/box_merah/box_merah__frame_000001220.jpg,train,1220,40.72
box_merah,raw/box_merah/box_merah__frame_000001275.jpg,train,1275,42.55
box_merah,raw/box_merah/box_merah__frame_000001331.jpg,train,1331,44.42
box_merah,raw/box_merah/box_merah__frame_000001386.jpg,train,1386,46.26
box_merah,raw/box_merah/box_merah__frame_000001442.jpg,train,1442,48.12
box_merah,raw/box_merah/box_merah__frame_000001497.jpg,train,1497,49.96
box_merah,raw/box_merah/box_merah__frame_000001553.jpg,train,1553,51.83
box_merah,raw/box_merah/box_merah__frame_000001608.jpg,train,1608,53.66
box_merah,raw/box_merah/box_merah__frame_000001663.jpg,test,1663,55.5
box_merah,raw/box_merah/box_merah__frame_000001719.jpg,test,1719,57.37
box_merah,raw/box_merah/box_merah__frame_000001774.jpg,test,1774,59.2
box_merah,raw/box_merah/box_merah__frame_000001830.jpg,test,1830,61.07
box_merah,raw/box_merah/box_merah__frame_000001885.jpg,test,1885,62.91
box_merah,raw/box_merah/box_merah__frame_000001941.jpg,val,1941,64.78
box_merah,raw/box_merah/box_merah__frame_000001996.jpg,val,1996,66.61
box_merah,raw/box_merah/box_merah__frame_000002052.jpg,val,2052,68.48
box_merah,raw/box_merah/box_merah__frame_000002107.jpg,val,2107,70.32
box_merah,raw/box_merah/box_merah__frame_000002163.jpg,val,2163,72.19
box_merah,raw/box_merah/box_merah__frame_000002218.jpg,train,2218,74.02
box_merah,raw/box_merah/box_merah__frame_000002274.jpg,train,2274,75.89
box_merah,raw/box_merah/box_merah__frame_000002329.jpg,train,2329,77.73
box_merah,raw/box_merah/box_merah__frame_000002384.jpg,train,2384,79.56
box_merah,raw/box_merah/box_merah__frame_000002440.jpg,train,2440,81.43
box_merah,raw/box_merah/box_merah__frame_000002495.jpg,train,2495,83.27
box_merah,raw/box_merah/box_merah__frame_000002551.jpg,train,2551,85.14
box_merah,raw/box_merah/box_merah__frame_000002606.jpg,train,2606,86.97
box_merah,raw/box_merah/box_merah__frame_000002662.jpg,train,2662,88.84
box_merah,raw/box_merah/box_merah__frame_000002717.jpg,train,2717,90.68
box_merah,raw/box_merah/box_merah__frame_000002773.jpg,train,2773,92.54
box_merah,raw/box_merah/box_merah__frame_000002828.jpg,train,2828,94.38
box_merah,raw/box_merah/box_merah__frame_000002884.jpg,train,2884,96.25
box_merah,raw/box_merah/box_merah__frame_000002939.jpg,train,2939,98.08
box_merah,raw/box_merah/box_merah__frame_000002995.jpg,train,2995,99.95
box_merah,raw/box_merah/box_merah__frame_000003050.jpg,train,3050,101.79
box_merah,raw/box_merah/box_merah__frame_000003106.jpg,train,3106,103.66
box_merah,raw/box_merah/box_merah__frame_000003161.jpg,train,3161,105.49
box_merah,raw/box_merah/box_merah__frame_000003216.jpg,train,3216,107.33
box_merah,raw/box_merah/box_merah__frame_000003272.jpg,train,3272,109.2
box_merah,raw/box_merah/box_merah__frame_000003327.jpg,train,3327,111.03
box_merah,raw/box_merah/box_merah__frame_000003383.jpg,train,3383,112.9
box_merah,raw/box_merah/box_merah__frame_000003438.jpg,train,3438,114.74
box_merah,raw/box_merah/box_merah__frame_000003494.jpg,train,3494,116.61
box_merah,raw/box_merah/box_merah__frame_000003549.jpg,train,3549,118.44
box_merah,raw/box_merah/box_merah__frame_000003605.jpg,val,3605,120.31
box_merah,raw/box_merah/box_merah__frame_000003660.jpg,val,3660,122.15
box_merah,raw/box_merah/box_merah__frame_000003716.jpg,val,3716,124.01
box_merah,raw/box_merah/box_merah__frame_000003771.jpg,val,3771,125.85
box_merah,raw/box_merah/box_merah__frame_000003827.jpg,val,3827,127.72
box_merah,raw/box_merah/box_merah__frame_000003882.jpg,train,3882,129.55
box_merah,raw/box_merah/box_merah__frame_000003937.jpg,train,3937,131.39
box_merah,raw/box_merah/box_merah__frame_000003993.jpg,train,3993,133.26
box_merah,raw/box_merah/box_merah__frame_000004048.jpg,train,4048,135.09
box_merah,raw/box_merah/box_merah__frame_000004104.jpg,train,4104,136.96
box_merah,raw/box_merah/box_merah__frame_000004159.jpg,val,4159,138.8
box_merah,raw/box_merah/box_merah__frame_000004215.jpg,val,4215,140.67
box_merah,raw/box_merah/box_merah__frame_000004270.jpg,val,4270,142.5
box_merah,raw/box_merah/box_merah__frame_000004326.jpg,val,4326,144.37
box_merah,raw/box_merah/box_merah__frame_000004381.jpg,val,4381,146.21
box_merah,raw/box_merah/box_merah__frame_000004437.jpg,train,4437,148.08
box_merah,raw/box_merah/box_merah__frame_000004492.jpg,train,4492,149.91
box_merah,raw/box_merah/box_merah__frame_000004548.jpg,train,4548,151.78
box_merah,raw/box_merah/box_merah__frame_000004603.jpg,train,4603,153.62
box_merah,raw/box_merah/box_merah__frame_000004659.jpg,train,4659,155.49
box_merah,raw/box_merah/box_merah__frame_000004714.jpg,test,4714,157.32
box_merah,raw/box_merah/box_merah__frame_000004769.jpg,test,4769,159.16
box_merah,raw/box_merah/box_merah__frame_000004825.jpg,test,4825,161.03
box_merah,raw/box_merah/box_merah__frame_000004880.jpg,test,4880,162.86
box_merah,raw/box_merah/box_merah__frame_000004936.jpg,test,4936,164.73
box_merah,raw/box_merah/box_merah__frame_000004991.jpg,train,4991,166.57
box_merah,raw/box_merah/box_merah__frame_000005047.jpg,train,5047,168.43
box_merah,raw/box_merah/box_merah__frame_000005102.jpg,train,5102,170.27
box_merah,raw/box_merah/box_merah__frame_000005158.jpg,train,5158,172.14
box_merah,raw/box_merah/box_merah__frame_000005213.jpg,train,5213,173.97
box_merah,raw/box_merah/box_merah__frame_000005269.jpg,test,5269,175.84
box_merah,raw/box_merah/box_merah__frame_000005324.jpg,test,5324,177.68
box_merah,raw/box_merah/box_merah__frame_000005380.jpg,test,5380,179.55
box_merah,raw/box_merah/box_merah__frame_000005435.jpg,test,5435,181.38
box_merah,raw/box_merah/box_merah__frame_000005491.jpg,test,5491,183.25
trash,raw/trash/trash__frame_000000005.jpg,test,5,0.17
trash,raw/trash/trash__frame_000000006.jpg,test,6,0.2
trash,raw/trash/trash__frame_000000007.jpg,test,7,0.23
trash,raw/trash/trash__frame_000000008.jpg,test,8,0.27
trash,raw/trash/trash__frame_000000009.jpg,test,9,0.3
trash,raw/trash/trash__frame_000000010.jpg,train,10,0.33
trash,raw/trash/trash__frame_000000011.jpg,train,11,0.37
trash,raw/trash/trash__frame_000000012.jpg,train,12,0.4
trash,raw/trash/trash__frame_000000013.jpg,train,13,0.43
trash,raw/trash/trash__frame_000000014.jpg,train,14,0.47
trash,raw/trash/trash__frame_000000015.jpg,train,15,0.5
trash,raw/trash/trash__frame_000000016.jpg,train,16,0.53
trash,raw/trash/trash__frame_000000017.jpg,train,17,0.57
trash,raw/trash/trash__frame_000000018.jpg,train,18,0.6
trash,raw/trash/trash__frame_000000019.jpg,train,19,0.63
trash,raw/trash/trash__frame_000000020.jpg,test,20,0.67
trash,raw/trash/trash__frame_000000021.jpg,test,21,0.7
trash,raw/trash/trash__frame_000000022.jpg,test,22,0.73
trash,raw/trash/trash__frame_000000023.jpg,test,23,0.77
trash,raw/trash/trash__frame_000000024.jpg,test,24,0.8
trash,raw/trash/trash__frame_000000025.jpg,val,25,0.83
trash,raw/trash/trash__frame_000000026.jpg,val,26,0.87
trash,raw/trash/trash__frame_000000027.jpg,val,27,0.9
trash,raw/trash/trash__frame_000000028.jpg,val,28,0.93
trash,raw/trash/trash__frame_000000029.jpg,val,29,0.97
trash,raw/trash/trash__frame_000000030.jpg,train,30,1.0
trash,raw/trash/trash__frame_000000031.jpg,train,31,1.03
trash,raw/trash/trash__frame_000000032.jpg,train,32,1.07
trash,raw/trash/trash__frame_000000033.jpg,train,33,1.1
trash,raw/trash/trash__frame_000000034.jpg,train,34,1.13
trash,raw/trash/trash__frame_000000035.jpg,train,35,1.17
trash,raw/trash/trash__frame_000000036.jpg,train,36,1.2
trash,raw/trash/trash__frame_000000037.jpg,train,37,1.23
trash,raw/trash/trash__frame_000000038.jpg,train,38,1.27
trash,raw/trash/trash__frame_000000039.jpg,train,39,1.3
trash,raw/trash/trash__frame_000000040.jpg,val,40,1.33
trash,raw/trash/trash__frame_000000041.jpg,val,41,1.37
trash,raw/trash/trash__frame_000000042.jpg,val,42,1.4
trash,raw/trash/trash__frame_000000043.jpg,val,43,1.44
trash,raw/trash/trash__frame_000000044.jpg,val,44,1.47
trash,raw/trash/trash__frame_000000045.jpg,val,45,1.5
trash,raw/trash/trash__frame_000000046.jpg,val,46,1.54
trash,raw/trash/trash__frame_000000047.jpg,val,47,1.57
trash,raw/trash/trash__frame_000000048.jpg,val,48,1.6
trash,raw/trash/trash__frame_000000049.jpg,val,49,1.64
trash,raw/trash/trash__frame_000000050.jpg,train,50,1.67
trash,raw/trash/trash__frame_000000051.jpg,train,51,1.7
trash,raw/trash/trash__frame_000000052.jpg,train,52,1.74
trash,raw/trash/trash__frame_000000053.jpg,train,53,1.77
trash,raw/trash/trash__frame_000000054.jpg,train,54,1.8
trash,raw/trash/trash__frame_000000055.jpg,train,55,1.84
trash,raw/trash/trash__frame_000000056.jpg,train,56,1.87
trash,raw/trash/trash__frame_000000057.jpg,train,57,1.9
trash,raw/trash/trash__frame_000000058.jpg,train,58,1.94
trash,raw/trash/trash__frame_000000059.jpg,train,59,1.97
trash,raw/trash/trash__frame_000000060.jpg,train,60,2.0
trash,raw/trash/trash__frame_000000061.jpg,train,61,2.04
trash,raw/trash/trash__frame_000000062.jpg,train,62,2.07
trash,raw/trash/trash__frame_000000063.jpg,train,63,2.1
trash,raw/trash/trash__frame_000000064.jpg,train,64,2.14
trash,raw/trash/trash__frame_000000065.jpg,train,65,2.17
trash,raw/trash/trash__frame_000000066.jpg,train,66,2.2
trash,raw/trash/trash__frame_000000067.jpg,train,67,2.24
trash,raw/trash/trash__frame_000000068.jpg,train,68,2.27
trash,raw/trash/trash__frame_000000069.jpg,train,69,2.3
trash,raw/trash/trash__frame_000000070.jpg,train,70,2.34
trash,raw/trash/trash__frame_000000071.jpg,train,71,2.37
trash,raw/trash/trash__frame_000000072.jpg,train,72,2.4
trash,raw/trash/trash__frame_000000073.jpg,train,73,2.44
trash,raw/trash/trash__frame_000000074.jpg,train,74,2.47
trash,raw/trash/trash__frame_000000075.jpg,train,75,2.5
trash,raw/trash/trash__frame_000000076.jpg,train,76,2.54
trash,raw/trash/trash__frame_000000077.jpg,train,77,2.57
trash,raw/trash/trash__frame_000000078.jpg,train,78,2.6
trash,raw/trash/trash__frame_000000079.jpg,train,79,2.64
trash,raw/trash/trash__frame_000000080.jpg,train,80,2.67
trash,raw/trash/trash__frame_000000081.jpg,train,81,2.7
trash,raw/trash/trash__frame_000000082.jpg,train,82,2.74
trash,raw/trash/trash__frame_000000083.jpg,train,83,2.77
trash,raw/trash/trash__frame_000000084.jpg,train,84,2.8
trash,raw/trash/trash__frame_000000085.jpg,train,85,2.84
trash,raw/trash/trash__frame_000000086.jpg,train,86,2.87
trash,raw/trash/trash__frame_000000087.jpg,train,87,2.9
trash,raw/trash/trash__frame_000000088.jpg,train,88,2.94
trash,raw/trash/trash__frame_000000089.jpg,train,89,2.97
trash,raw/trash/trash__frame_000000090.jpg,train,90,3.0
trash,raw/trash/trash__frame_000000091.jpg,train,91,3.04
trash,raw/trash/trash__frame_000000092.jpg,train,92,3.07
trash,raw/trash/trash__frame_000000093.jpg,train,93,3.1
trash,raw/trash/trash__frame_000000094.jpg,train,94,3.14
trash,raw/trash/trash__frame_000000095.jpg,train,95,3.17
trash,raw/trash/trash__frame_000000096.jpg,train,96,3.2
trash,raw/trash/trash__frame_000000097.jpg,train,97,3.24
trash,raw/trash/trash__frame_000000098.jpg,train,98,3.27
trash,raw/trash/trash__frame_000000099.jpg,train,99,3.3
trash,raw/trash/trash__frame_000000100.jpg,train,100,3.34
trash,raw/trash/trash__frame_000000101.jpg,train,101,3.37
trash,raw/trash/trash__frame_000000102.jpg,train,102,3.4
trash,raw/trash/trash__frame_000000103.jpg,train,103,3.44
trash,raw/trash/trash__frame_000000104.jpg,train,104,3.47
trash,raw/trash/trash__frame_000000105.jpg,test,105,3.5
trash,raw/trash/trash__frame_000000106.jpg,test,106,3.54
trash,raw/trash/trash__frame_000000107.jpg,test,107,3.57
trash,raw/trash/trash__frame_000000108.jpg,test,108,3.6
trash,raw/trash/trash__frame_000000109.jpg,test,109,3.64
trash,raw/trash/trash__frame_000000110.jpg,val,110,3.67
trash,raw/trash/trash__frame_000000111.jpg,val,111,3.7
trash,raw/trash/trash__frame_000000112.jpg,val,112,3.74
trash,raw/trash/trash__frame_000000113.jpg,val,113,3.77
trash,raw/trash/trash__frame_000000114.jpg,val,114,3.8
trash,raw/trash/trash__frame_000000115.jpg,train,115,3.84
trash,raw/trash/trash__frame_000000116.jpg,train,116,3.87
trash,raw/trash/trash__frame_000000117.jpg,train,117,3.9
trash,raw/trash/trash__frame_000000118.jpg,train,118,3.94
trash,raw/trash/trash__frame_000000119.jpg,train,119,3.97
trash,raw/trash/trash__frame_000000120.jpg,test,120,4.0
trash,raw/trash/trash__frame_000000121.jpg,test,121,4.04
trash,raw/trash/trash__frame_000000122.jpg,test,122,4.07
trash,raw/trash/trash__frame_000000123.jpg,test,123,4.1
trash,raw/trash/trash__frame_000000124.jpg,test,124,4.14
trash,raw/trash/trash__frame_000000125.jpg,train,125,4.17
trash,raw/trash/trash__frame_000000126.jpg,train,126,4.21
trash,raw/trash/trash__frame_000000127.jpg,train,127,4.24
trash,raw/trash/trash__frame_000000128.jpg,train,128,4.27
trash,raw/trash/trash__frame_000000129.jpg,train,129,4.31
trash,raw/trash/trash__frame_000000130.jpg,train,130,4.34
trash,raw/trash/trash__frame_000000131.jpg,train,131,4.37
trash,raw/trash/trash__frame_000000132.jpg,train,132,4.41
trash,raw/trash/trash__frame_000000133.jpg,train,133,4.44
trash,raw/trash/trash__frame_000000134.jpg,train,134,4.47
trash,raw/trash/trash__frame_000000135.jpg,train,135,4.51
trash,raw/trash/trash__frame_000000136.jpg,train,136,4.54
